City,Avg_Rating
"Quezon City",4.800000190734863
"Makati City",4.650000095367432
"Pasig City",4.6333333651224775
"Mandaluyong City",4.6250001192092896
"Taguig City",4.524999976158142
